dataMatrix	L818f	L819f	L824m	L825m	L826m	L827m	L836f	L841f	L848m	L849m	L854f	L859m	L862f	W616f	W617f	W620f	W621f	W622f	W623f	W625m	W627m	W628m	W629m	W630m	W631m	W632f	W633f	W634m
isobutyric acid	26203762.1603398	2876003.11311945	3865852.40860235	2892991.13659073	3726748.72883246	2663224.09598239	2610516.62966315	3173971.20555628	25786595.6619402	2789389.6071049	3156759.93176029	2501366.69944186	2406175.95886511	2957451.89300439	5125542.31857691	2959336.67948623	3224581.25690194	3014381.50883968	19861442.8840106	3610143.61120665	6620357.1530293	1553512.81013614	1138372.57284296	2583781.85651227	2676976.45466558	2997608.85209522	3091126.69451649	3620245.17825316
oxalic acid	11061825.3967351	11814955.6265457	13940431.9677849	16163686.3556747	13054714.7755281	11452850.8123258	8485286.10585461	12451823.2103045	14756613.546382	9112377.66049913	13055812.9726752	13609701.3512359	8881525.91657618	9912692.54815518	9611805.65733364	12381939.0013419	8207574.08375602	9711636.48559448	10475240.8709753	13384567.8158674	11010345.0386668	8862654.1152005	12925076.6006945	10014938.4174493	10900051.0663106	9817788.43491275	11990126.988204	12855058.9036395
isovaleric acid	2786521.81231761	1424620.90447116	1354113.1637732	3296189.98735664	4093719.50381882	2973853.14315048	990012.595652658	1467492.19432898	3753935.09431144	1887972.00283028	3825660.7262168	1451367.81225059	1409182.1051144	2781389.96155278	3649415.05408701	3069855.87935631	5176987.36859037	2204150.23325167	3804766.73166299	2266803.49659849	2393404.10958177	2110790.30316461	1433752.15617855	3182984.36611985	1564454.81265997	3212092.40396671	3755388.91005049	2349425.09052504
L-serine	11355189.1202282	15447259.419169	14801721.9170316	13712888.4728506	11788681.0986037	12386027.0514864	16653294.4315438	23846407.4535373	16163391.0684261	17564241.9785828	17248603.496116	16718175.2563622	16546705.2193795	31563788.3926427	23586974.3150421	31043344.6572844	19482664.9590592	29386922.6748554	29058348.906874	21779101.83783	37841414.0860125	20193019.9104181	21737850.0436441	25147212.594742	23204864.2085805	20496147.3106744	25192624.0311221	17489542.5176502
citric acid	17375972.9999999	3430277.99999997	5124807.99999997	20143906.9999995	31000182.9999998	28156108.0000008	3543529.00000004	4382745.99999987	26415721.0000003	3499884.99999989	35883648.0000006	5076391.99999997	2407850.99999998	2808892.99999997	2938983.99999999	3875065.9999999	3518164.00000009	3158145.99999995	3048799.00000007	3556321.99999991	2952445.00000001	5718481.9999999	8872988.00000017	3046807.9999999	1831259.99999997	5742520.00000004	7080895.00000008	12760949.9999998
L-proline	12864688.9598445	27393391.0869639	27762834.6204652	21676747.5203416	18306645.3286397	18441625.7001113	25174146.3394834	35129838.7130837	23222890.3521136	21747677.2996795	21606734.198463	24303104.8978906	22618502.9544275	44646332.3028957	28292749.3914483	48056354.3214089	25366180.3202505	40840568.6583525	33607174.5185238	34625955.3879294	68381008.2415248	28997405.1112576	23938277.2104123	30604626.1625458	28399078.4325998	28438440.0890275	32803118.715014	30823113.4587824
hexanoic acid	6337475.75467555	1247608.67431736	1667119.31159693	2313029.537515	2273375.33941743	1910233.17349826	1341438.10043654	1107339.20021929	9367741.35946619	1160109.70153421	1795295.29813256	1180041.76781189	891958.013299306	908688.261146379	1857442.9660645	1223969.93170032	1099403.98637676	713076.467701877	5504504.68409498	1911780.96476491	2093810.07405346	1340102.04891047	2588259.72174839	2276570.28645392	1211051.20592775	1220116.10961358	2281010.50293415	2365771.11999765
methylmalonic acid	2327190.55675879	4838772.49841558	4840905.74636337	11955127.3416179	9390163.96898789	9798541.50710358	3723496.40027418	5324953.75039475	7414778.18172137	4335130.46590497	13474024.5918038	6100554.44781093	3347861.77481805	3338998.36894964	7796351.77604427	11162125.2400897	3183880.56743241	3466814.31625665	3430271.37605497	5760879.0059375	4702414.90726482	5652782.12156009	10179476.6883715	4844442.39534319	3780133.07341245	10303149.2854004	10575782.8527931	7017803.31654625
nicotinamide	56891702.5403477	94906756.7453605	88284017.8400629	104928546.547177	103711703.012999	100448874.218933	88835488.1358915	98151274.6245954	97358274.4160949	82245117.0102991	92172536.4635077	82965490.0856951	81322480.6737101	96084350.6456634	79158857.528972	88105596.1724741	85214604.3905661	99572698.0917724	81316174.2157538	83899996.3137822	106854180.004699	86745917.7435397	87811876.9477471	83473533.0980365	80822143.7817682	88015576.0252157	74509025.5940018	93102267.6895676
L-ornithine	3048806.52204638	3827308.84004428	3011623.07055652	4568756.28228691	3525430.21427717	3280874.91901836	3754925.00378261	5804856.65185992	5142936.53237024	3341766.00985169	3921619.43337484	3605641.27725301	3213408.6889281	5012916.73232645	4450772.03493449	6924452.9079223	3429842.38853033	4227660.30441799	4474183.82322545	3914313.25039701	5299255.66610312	3950267.52292839	5299705.6837402	3676727.6713874	3709111.0638668	5345370.78290077	5633533.62585943	4873355.25456043
O-phosphoethanolamine	1628397.12208496	2271776.31132328	1441676.350829	1504925.75994604	1187319.81394508	1219980.15220629	2205526.97698009	2674803.31379097	1488819.14329849	1372538.36729792	1687620.77964392	1694074.76839762	2043353.49664485	2561545.80725997	1879483.30250034	3099683.01768851	2091892.09463694	2698218.85246305	1792528.23332584	1428035.71082104	2560746.72262888	1229212.19586656	1771692.06323045	1283108.04291096	1094545.00384675	1659864.8093972	2194762.66637649	1196621.29073
O-acetyl-L-serine	5645453.50700285	9028761.1419044	13304202.3693422	6041821.08099245	8584144.95317381	8461846.01121092	3239097.92303563	11639171.0450173	4954449.70911892	10309255.4693542	8861499.99398473	9604054.02324437	9115955.21648932	11399172.0640136	8818302.2146645	14699457.2607729	11581593.4397076	13104905.7185014	11306521.4477195	16886189.6100804	17913371.6445279	11294002.34546	9180086.26409884	11844325.5851604	9952388.6896607	10720558.0721696	13381260.9419791	12815093.9026461
(R)-2-hydroxyglutaric acid	8775170.98702454	11174414.1915399	14278647.1791341	10941362.5267688	9145759.45761406	8550381.35082751	8101972.48844937	11306293.5340705	12511623.0962849	11443752.8259472	9262376.10731919	10441896.683195	7015830.84776002	10665714.5273433	8322554.07106938	8812194.85582305	8784426.111532	9764443.22919095	9852124.08618954	15384428.1798834	12382702.3239128	10166890.1675232	13694498.160829	14634273.3098708	10446338.8261926	9961566.29425611	10480561.9406706	11328788.0774456
9H-xanthine	68305041.3464901	97831921.3331531	83154388.0444421	69164967.1694343	82046575.2392028	72804294.0583857	125371279.279408	109458615.896425	101386793.944434	100935734.856775	107265990.325233	103612890.678734	120732381.092891	132516283.201961	127518303.485586	136637168.38024	134099587.789091	127885735.25261	123353902.585886	135307512.467191	131776593.929893	129418225.053788	143173347.886409	134228249.531054	108871580.673246	124955927.280122	127081216.58899	137506684.732831
L-histidine	15144291.8122091	19156285.4293759	25690874.1922717	21719872.2832485	18206870.5000142	18370425.5532468	19927575.0996509	26555791.9090188	19874056.7427472	22684911.5575114	19574040.4421613	18671012.1111627	17412412.4761554	26640963.5217936	24369733.6150519	34282786.3169652	18777727.5766072	29606701.3693389	24142491.6942185	26759689.0325305	32934755.0848599	21523853.9626244	27763872.786978	25837520.45616	19385251.8768589	27716937.0113192	23051984.9708518	24308484.6268966
orotic acid	644546.541152162	811655.024011166	33169183.6742683	1060083.76243496	1337465.2332518	835620.154191278	1482798.7690394	501707.593208763	3983343.02709883	2031857.95697453	660018.532807508	1731394.05186917	2227448.47589169	6501149.80698513	964848.956099526	3041057.61568586	13368757.2496687	6128945.88612641	1808940.1501136	24156639.0764002	10431732.6937654	1611661.84562527	1260501.80276064	958526.853955267	1707450.95729946	1130099.11453064	1034378.66360976	1524869.48312581
nonanoic acid	1342849.80584769	1348134.05089197	3173125.68962174	3508349.45208683	1411007.38195799	1864601.14844956	2335177.40030535	1085585.31338907	3173050.49156378	1470739.13878775	1800117.10216767	1475520.95172104	1230497.58331454	703324.230613035	1123639.62859222	910415.31212895	1449781.58255221	836494.538918262	1854821.24333176	1252819.43198733	1103120.30907266	1628383.26290851	3557359.55860284	3170965.1460187	797640.01846216	1304105.2905504	1934981.41732916	2136044.93016946
phosphoenolpyruvic acid	390208.999999994	1258898.99999999	1415798.99999996	393828.599999991	369864.300000012	305033.799999992	1090386.00000001	1704976.99999997	582153.10000001	1698717.00000001	400804.199999992	1287225.00000005	1012333.00000001	975649.59999999	743728.900000016	965333.799999989	817314.600000009	771414.600000012	461485.999999991	2136543.00000002	1796455.00000003	870151.399999976	563723.499999995	568539.800000007	987226.599999982	461857.100000014	530991.9	628588.799999983
sn-glycerol 3-phosphate	7038776.99999981	12788004	10685224.9999998	8478651.99999997	11295161.0000004	8654184.9999998	18449827.0000002	10333703.0000003	6629650.99999981	18153342.9999998	5231821.00000008	13378818.0000001	13896645	10125875.9999999	10076876.0000002	12989121.0000003	11229289.9999998	14144183.0000004	7544824.99999975	8956466.00000004	9227122.9999997	1329076	3788178.00000001	4688837.99999999	8372572.00000016	5768215.99999986	4680867.00000007	3690180.00000005
L-citrulline	881370.299999996	687958.00000002	1543028.99999995	958884.59999999	545196.800000017	854339.500000024	1179717.00000002	1208620.00000001	1216975	1015746.99999999	530228.799999987	1052538.99999999	850914.100000016	1424980.99999997	830001.399999978	1499216.00000004	1419193.99999999	1816108.00000001	1165916.00000001	732880.200000007	1147667.00000004	1026080.00000003	1132829.99999997	1377034.00000004	1517484	1039678.99999997	1246800.00000001	804520.900000011
3-(4-hydroxyphenyl)lactic acid	4990380.99999996	11436666	14441824.0000004	10827075.9999999	13190176.9999996	10603254.9999999	3086400.99999992	13155481.0000004	13769164.0000001	7618070.00000005	11065867.0000002	6586844.99999997	2499032.00000002	4573074.99999986	6580565.99999994	14490302.9999997	1783033.00000005	4498252.99999997	4775206.00000004	6603457.00000018	14833449.9999996	9480515.99999994	7621575.00000018	7261312.0000002	8185026.00000015	11389963.0000002	6241172.00000018	11574010.9999997
D-mannitol	7213789.00000021	14963149.0000004	12860737.9999997	13031795.9999999	13046967.0000002	12595626.9999998	9668749.99999969	14378959.0000005	12521795.0000003	17736201.9999996	10458028.0000001	11587689.9999999	8874960.99999996	10225788.9999996	12575747.9999997	13708483.0000004	5989614.9999998	9227157.00000024	9225472.9999997	12582341.9999996	7901282.00000009	10360003.0000002	8142829.99999984	10082233	11357768.0000003	12183200.9999997	7880972.00000012	9835272.99999999
Tyr-Phe-Met	4201430.00000008	9308673.99999981	5960401.00000008	7301922.99999977	12038409.0000002	9765319.00000022	2159375.00000004	3621745.0000001	5022856.00000015	4047432.99999999	4988984.00000001	2212280.00000001	2844886.00000008	1338225.99999999	2474611.99999998	1746814	815130.700000013	999318.9	1778850.99999996	2362988.00000002	2261493.00000001	3083375.00000006	2130698.99999997	1356751.99999996	1995424.99999996	1960517.00000001	1838113.99999995	2405307.00000001
N-acetyl-L-phenylalanine	611794.400000003	434956.700000005	357658.199999996	465329.399999987	1005046.99999999	687216.300000018	214863.500000006	423894.400000003	1597955.00000003	385065.300000007	232299.999999995	76319.3099999977	322790.799999994	787532.40000001	289444.799999997	251270.499999994	340218.800000004	1204954	372069.199999998	660622.900000007	1730173.99999999	461834.900000008	221942.000000003	767556.099999987	1024882.00000002	136499.899999999	80295.6700000019	511701.100000014
indoxyl sulfate	2790679.00000004	3409342.99999992	7298215.00000001	1361946.99999997	2574466.99999995	1475142.99999996	2936986.99999996	1625188.99999998	1744798.99999996	2345376.99999994	3572985	2458206.99999991	2135395.99999997	1627886.00000003	1442902.00000004	4298941.99999995	4595116.00000014	3385636.00000011	2234087.00000004	2644503.00000007	4101823.99999989	1294734.99999999	591779.200000012	767372.699999998	1074354.99999996	3048283.99999994	1903281.00000002	1692985.99999999
tetradecanoic acid	4838889.00000004	6592145.00000016	7025498.00000019	7633169.99999979	8276380.99999984	8971741.00000002	8368899.9999999	5913579.99999983	8992222.00000011	5735166	8118191.00000017	5425230.00000005	5487272.00000017	6408949.9999998	6381741.00000009	7731978.00000008	8816169.00000008	9796669.99999996	7544596.00000022	9495544.0000001	8460802.99999977	8358736.99999988	9638155.99999974	7985836.00000019	9409707.00000017	10087066.9999999	5151558.00000007	9524540.0000001
muramic acid	4534024.00000001	8022314.99999994	14632077.9999996	7279874.99999996	13133043.0000002	9839862.0000003	4881983.99999997	12697398.9999999	5042185.99999984	8604519.99999975	9696084.00000034	6674553.99999988	6354724.99999997	14226387.9999998	10385680.9999997	20766481.9999993	3805962.00000006	12396030.9999997	10232413	11176844.9999997	13014551.9999998	8009291.99999988	6458739.99999998	12323470.0000001	9158782.9999999	12215278.0000004	6922330.99999979	11401291.0000004
elaidic acid	176816412.999998	236642570.999992	176924800.000003	208694335.999996	179829193.000005	204423822.000007	378397214.999991	219844120.000006	275310756.999991	211083877.999994	277576666.000005	203753392.999999	269226736.999992	257489184.999992	241141479.000006	200274378.999995	337934990.999995	481615616.999995	389515611.999988	241050417.000005	179962249.000004	266410335.999992	340526434.999994	333607199.000006	338337972.00001	278350248	248346849.000003	301576297.000001
xanthosine	5836368.99999981	3792748.00000003	1923584.99999995	10048305.0000003	10674004.9999998	8574128.99999986	3626119.00000006	3522221.99999992	7338128.00000021	4401382.99999995	9230959.99999986	4635337.00000009	3467635.00000011	2182319.99999999	9852014.99999999	5878257.99999998	1870962.99999996	2180832.99999995	3932195.99999988	4473586.00000007	6474.33900000015	10258035.0000003	6111338.9999998	4161840.00000009	6747207.99999998	12631571.0000001	8458057.99999977	9074093.99999976
all-cis-5,8,11,14,17-icosapentaenoic acid	3703154.00000003	6075835.00000008	5554073.99999998	5835340.99999992	9193607.99999972	9631745.99999976	3963823.99999993	7090056.00000013	8920619.99999988	4470297.99999996	5920343.00000008	4873450	4684483.00000011	6829394.00000016	6242291.00000008	8046155.00000011	6439825.99999978	11035469.0000003	7303156.00000001	8975796.99999986	11718931.9999999	8773316.00000019	5833810.99999984	8072009.00000014	11287442	7446557.00000002	5330777.99999981	12794862
uridine 5'-monophosphate	76740.8999999977	130140.199999997	414348.899999988	974986.299999997	1059755.99999996	1042801.99999997	154736.100000001	150905.999999997	369727.499999988	398708.800000005	59218.0400000004	303176.800000004	170657.800000005	142245.299999999	80277.6800000017	62664.0199999997	115096.600000004	76877.5300000025	26633.7000000001	326661.60000001	178534.700000005	110909.699999997	67383.1499999989	120819.500000002	103233.399999997	14342.4499999995	26520.2499999996	151378.300000004
N-glycoloyl-beta-neuraminic acid	1810405.99999995	2060946.00000004	1673879.99999996	2068533.00000005	1628003.99999996	1577381.99999997	2537573.00000002	2431019.99999996	1952454.00000003	1918723.99999995	2109104.00000005	2222096.00000004	1999551.00000006	2612372.00000006	2201726.99999997	2959433	2280193.00000004	2461386	2109509	2320207.00000004	2010618.00000006	1712291	1950447.00000003	1857787.99999996	1726511.00000002	2260644.00000002	2540519	1795992.00000002
adenosine 5'-monophosphate	3472199.9999999	5820849.99999987	12997669.9999998	30580633.000001	29192084.0000007	21028660.9999994	4750292.99999995	3945687.9999999	9862023.99999993	7796725.00000027	5406081.99999989	6577722.99999985	5911185.00000004	3068315.00000003	2470307.00000008	2371137.99999996	1895019.00000004	2201298.99999995	1452410.00000002	3367760.00000011	2632501.00000006	1914649.00000001	2328952.00000004	2119755.99999996	1953950.00000004	1232697.00000002	1228290.99999998	5565928.99999992
alpha-maltotriose	45814716.9999986	49968012.0000011	54406690.9999987	53562871.0000003	49538227.9999984	46270744.999999	108246932.000004	53553042.0000008	69227469.0000022	66814219.0000024	66638898.9999983	75781106.0000011	75660400.9999991	92846018.9999973	79863763.9999991	73536898.9999986	93697099.9999967	97527167.0000016	91664660.9999997	67659750.9999998	70877320.000002	112994300.999996	120283396.999998	99900340.000001	103262311.999999	88694861.9999975	77547692.9999982	89955621.0000012
deoxycholic acid	1086766.99999998	496667.099999992	587694.200000003	728880.000000011	4321564.00000007	375718.000000004	2263256	784949.499999983	6736942.99999981	1125396	1011402.00000001	1512414.99999995	445467.999999986	1803157.99999996	2795497	1640001.00000004	1989190	2217559.00000001	2899870.00000006	742862.199999999	1261914.00000002	1984879.99999994	2169443.99999996	2421764.00000003	3167758.00000011	1491933.99999999	1788943	1511764.00000003
FMN	118254.999999999	424010.2	115136.800000003	5143.71099999985	40953.6399999993	35170.6700000012	309130.90000001	503101.600000013	13447.03	403937.200000009	124567.699999997	256578.300000003	538844.700000012	1100831	416169.699999987	312409.999999995	417244.100000007	702845.999999985	313775.999999996	476916.700000008	714281.69999999	44959.4699999985	16319.1799999996	184940.700000004	111422.900000001	59086.1800000001	95382.5699999989	20646.6099999996
taurocholic acid	37092579.0000013	40037639.9999997	24065705.0000003	15353480.0000004	101395946.000001	13396738.0000001	206989065.000006	30923687.0000009	85914336.9999992	31189762.0000009	41677517.9999996	33359257.9999997	28345460.0000002	32200533.0000002	60489754.9999984	32848364.0000003	23933943.9999999	35171449.0000011	34386259.0000004	6412735.00000016	11967886.0000001	11818384.0000003	12321797.9999997	13252299.9999998	25284971.9999999	36839504.0000012	25591577.0000007	12576017.0000003
ATP	192867.299999999	357521.200000007	285405.000000006	192271.1	213652.600000005	151908.7	250650.199999997	442059.499999986	218900.000000005	238080.799999993	154143.900000002	261721.300000005	226633.700000007	224675.299999992	182292.999999997	201895.599999993	153477.100000004	175943.8	142589.400000004	262941.800000001	112609.300000002	145777.200000001	105874.599999999	144405.999999996	134977.599999998	152899.499999997	162024.700000003	168251.900000005
GDP-alpha-D-mannose	352466.700000007	203893.600000002	224442.9	844945.000000021	594264.700000002	521322.600000015	52669.7200000008	152084.300000004	797600.799999976	127399.099999998	387491.300000007	138934.100000002	19576.7800000005	2681.50299999992	45722.4800000003	40755.6300000002	8462.66500000015	2000.01699999997	11593.4299999996	33848.8199999995	8102.38900000001	152096.699999998	212470.100000004	47456.1399999985	59392.8900000014	217844.799999993	108207.899999998	324855.399999996
glutathione disulfide	37124329.9999992	45326763.9999998	51394563.000001	51493716.0000007	46162744.0000015	46874981.9999994	26914195.9999999	39417443.9999994	51285354.9999987	36470905.0000009	38090344.9999996	32747259.0000003	30788136.9999996	37193658.9999996	33808887.9999995	43556105.0000002	28484864.9999991	31075319.9999995	29862652.0000005	45748766	34490415.0000011	25123655.9999996	27660767.9999994	27710463.9999997	28020576.0000005	37104826.9999994	32793652.9999999	40142422.0000012
glycolic acid	1881035.45775043	2651019.03308822	2419497.07994722	3480332.30509974	3449619.6186143	2196736.43915111	2261233.93188554	2923917.80249482	3431927.98819976	1914552.13659749	2821611.99594027	2671544.03246266	2114286.25857978	2277589.77989332	2337616.34682583	3013140.62865818	2057593.88405386	2314471.70873497	2546573.25169869	2615037.39828804	3173680.21810856	2162502.97676535	1501570.91371667	1717170.41039783	2056231.93760803	2448632.15093487	2305951.98764943	3116355.26887723
tiglic acid	107372.032100438	159852.866939148	187937.134211395	1	172312.826493204	130440.85276157	212156.300074739	169464.370232856	143161.638568478	330101.271061348	185160.878674402	372430.912603952	252570.036783927	396215.639444048	153035.930156383	147189.003341781	1098985.9717696	426390.234259812	220943.664864814	287264.717242335	255502.257085866	159167.475631939	255378.372238567	454671.379233529	120728.234140237	150063.131149105	239617.191960917	238734.958911512
creatinine	378047.08964368	484622.3819889	645958.422901866	330851.210481399	435739.77320356	377334.874684808	514158.570382132	649752.792688171	586921.312442697	400667.476761583	297281.486415643	389274.277490718	412221.726869216	480892.368329213	339406.025289411	784159.209563522	451520.036877977	526625.297733265	422571.496399888	617793.517162924	1196512.05698971	397639.723753138	241374.705970231	335071.693615138	226247.654059728	416613.396731848	372176.968997471	372855.199149787
2-oxopentanoic acid	505353.599155372	473469.260788198	739449.706720128	991938.884773198	33757.9257385786	851550.34804631	603003.530635843	423141.415432742	647220.373690883	624585.0192141	493046.953852209	1259935.68220302	1714334.97053237	384667.293853759	404164.106346235	95949.5628606705	576491.97254633	475979.687577387	418472.235186784	531451.72950815	377869.448563424	611477.360158689	894949.338526029	702912.106420675	37866.1235431459	118079.44358314	379408.903122735	888019.859057058
N-acetylglycine	710478.960855584	1335963.94323241	1696422.17048437	1492468.06274018	2511445.62442509	2741063.60808978	403907.810357701	1702872.17298055	1498505.89121205	1540833.13118103	1293809.66690277	1709260.25770152	671391.009910141	1303378.80294485	924657.821536091	1087379.91045879	750979.547413527	921055.257422461	1281373.80352108	1567064.23228474	2422171.76544533	1169986.6762014	1367119.22381541	871784.429284545	1109692.16802689	1002232.93901639	836395.599442872	1608381.56877662
L-threonine	19396667.4002292	25482425.7984024	24341564.404505	12947526.3641738	26286676.2928926	20596337.6580853	22406412.6129068	39418876.3724184	31248799.4980141	22429390.6157929	29607232.3320373	22711941.7478406	23473742.4230152	36118614.7201456	33989510.8685647	45425662.6506342	26401988.0783147	39435238.1759447	41184117.7216788	36735048.7475148	52364520.2787379	37299238.6392792	44963603.1504371	34794310.0612875	33314236.4426266	38935733.8997848	43743332.8940453	40066825.8477771
nicotinic acid	3311.74854474528	380481.410706512	29959.0706808552	297841.536538539	219925.498786106	214007.063225697	478383.774196664	1317.65882278933	396907.282530389	576960.861264991	404463.237440686	33671.9912637651	465695.252444046	783501.966379403	444130.433921878	528327.953394211	556514.04726324	758206.868885263	741977.948078295	951.778322442349	723727.336553486	379627.8526783	613925.62938864	1906.10926999206	488593.557458153	298908.070980616	464488.258794963	442900.99799952
taurine	336005781.953352	141593379.011537	484466911.015724	593090382.987128	433460948.808044	356267342.220718	415153631.376983	496345675.965604	403645269.209852	325748786.169841	361395376.102789	350416352.915411	318755498.274662	294557287.835225	308208056.72182	271968739.847534	460175660.719441	231448359.191975	274717159.98755	429485795.268048	152041966.936576	294083306.420685	260109610.207966	358115682.32707	110604213.318401	320145603.410803	363677295.968317	387254279.99294
imidazol-4-ylacetic acid	54222.3127572035	84148.0467366034	113341.005548135	39448.2033140541	51903.3496354128	48924.8269080046	15961.9672356067	101885.857029786	57544.2871891858	92581.9085517249	35311.3302947247	77865.0003453476	19995.3472892862	50303.9055707457	39257.227054488	147553.263469216	67744.3602157283	40731.5814872088	21844.8406575403	23759.7550755926	89464.7338027172	22324.3907057861	12919.1741601613	23333.7929605189	14270.3803513991	44996.6561233444	23547.469008942	45547.4849256069
(E)-glutaconic acid	740305.086886498	2616127.26412833	874153.873513717	883384.535932099	1248231.96821398	783412.617781807	643677.161734674	907115.294114203	969354.070049991	1221315.9338366	932453.058489237	876181.400894517	712794.50966314	767641.424637744	828874.128605878	886897.833231958	1150103.57035734	1566244.12736341	736443.68630658	1498443.13707194	896906.132711125	832145.415337675	1219727.22901178	995685.018891256	720385.33935503	752644.828287003	840048.643385596	747473.950006865
2-oxohexanoic acid	61704.7936119771	95824.3872111035	233703.802293911	216060.849355364	57146.1318125872	108717.788820905	125974.996491446	133303.902420856	146904.119922948	134139.941539697	94317.3049426211	151726.449860626	49562.617651882	178091.72334928	103067.861433348	109455.045170117	1050638.78021562	189645.854948532	513993.748279933	180598.836145215	279071.281056427	162052.537952858	561172.976435395	816932.480759585	99953.0445600598	106321.203851381	238956.421152458	134860.326336735
creatine	2746697.57601517	2668280.57444872	3394430.67675759	1503454.14665532	2744413.7111111	2833001.41456533	4139503.58089865	3619565.51888424	3996115.13977833	4326310.34320224	2600335.5826296	4528665.89948972	3360220.12750659	2864897.71982761	2590898.32141038	3576142.62931696	2931395.4698007	2351638.56832898	3059743.99709467	1397801.25913876	2599514.61506481	3041581.10617186	2857672.70488774	3000213.98476302	2254712.00202658	1766119.13238587	2794835.60761932	2699827.89881591
L-asparagine	8503041.23154075	11419294.6988954	8907877.39135386	14290439.9191637	9091709.21004945	9982109.8516869	9796888.87883331	15823996.9287211	15818973.5924	11726652.5907264	15061370.351574	11730364.0705083	11051589.6956732	17238923.2326979	21010625.6754043	25315573.9237335	10581958.0995214	12792054.6176177	19674400.7850511	17476700.0632304	16419272.2632898	18739848.8231821	16154535.9870798	21850324.1580161	15194099.8768459	20392211.769402	23779651.8319255	19195208.7864203
L-aspartic acid	12561423.3694676	17761048.17203	17963497.4397658	10955657.4051147	9432720.28949216	9917994.85624873	32491419.3987153	28378353.3198508	12027489.0896796	23094883.566487	18108191.2591225	25614020.9004389	29667816.3184801	34224384.7664572	23402370.4577289	28078481.2425338	24207763.0509105	43542039.5257016	25601185.5924163	23348376.4839964	30931423.586463	14656061.2183738	21584012.5706084	19828521.012733	15654000.5982058	17736031.9125711	22893778.6683667	14611939.5540941
salicylamide	45840.6671664016	72370.0813825843	81852.8588640186	49353.3596486774	31046.7051982664	37840.9788175584	121746.253373231	102570.420870452	74875.763702084	122599.182704278	47225.651778453	122109.556816803	94137.166299926	113240.775408013	36163.1732163549	74063.6050657855	151248.77161237	162819.535599072	121976.641174822	84158.5080595542	256114.575285919	56422.537462572	69602.9806165997	173887.644466621	47035.3395159338	31729.6626284717	67149.406066563	58310.6959508319
salicylic acid	52497.3785169166	75238.7512680639	123547.023240325	95461.2449136301	43940.4920495662	104645.488949752	103739.724866169	49814.8817085823	136670.958757831	33311.0130372333	117257.826646985	106793.505276703	46272.0395240351	400723.777663294	51390.6653872768	305285.730563233	130859.526480739	262222.206247737	54532.5571022775	35832.3666547307	69377.3303590414	49934.154668525	71293.8785437303	135726.30644034	36437.706230067	114479.983295503	70936.9731313152	203719.761615375
4-nitrophenol	15038.010010241	15991.5954786897	39280.409174284	51462.3670972505	13522.4122822797	13692.9541024172	28154.7890742003	14772.3046133882	30577.7654150044	13567.9650019455	16886.3941813122	20292.4140432125	17768.7282162029	24868.2625546948	12323.3207828443	19098.5492657701	21572.931377305	15799.0832619667	21571.7183826603	10192.3318253039	7512.46479681497	16868.5106408911	49172.0546093115	29478.4701461566	11934.856579918	377.754087356619	22405.4193365307	24541.4997710403
adipic acid	199784.95113021	431838.477960679	546907.864766309	340990.213596365	455895.066442495	476669.916376526	440678.477477578	442755.565764379	476990.371427089	429520.213053721	495903.641634766	423524.05372222	359224.143639193	304523.049694054	381989.621494401	343756.95377163	364607.910002722	378572.152202122	297122.444177108	372371.230708049	477034.193718923	446219.382849107	754095.799640366	622732.06554078	387684.378054678	276844.9684718	370447.704937718	485970.783013433
L-methionine	12625290.4203161	17479211.3621444	11664805.8480848	13784936.184053	16202583.8098759	16852117.8611257	19656202.2268481	23744065.6407189	21685334.9484662	18419127.8941664	21400660.6278886	19663349.7102886	20003490.1145693	33602701.2663655	26770663.518055	34751667.2364624	26043895.7280364	29760185.9020572	31081845.6052098	26381836.445472	37592160.1848934	26374647.7499129	16838701.0033206	25473657.3244765	23580585.6516127	26088965.9063083	28928339.3401709	26205135.5015297
L-arabinopyranose	578520.708844349	749238.065831154	777760.109259009	797862.504208465	730133.274992275	721631.197480925	784840.556130604	610383.405206623	819756.412642187	764239.925432115	819571.202700585	805029.66057788	775958.504398588	833251.220601557	820804.754679203	930756.224910987	982485.122356665	870736.33610946	740188.7028772	826190.569215192	867959.789230312	773646.238691862	855616.0714107	738441.183487579	805042.856155408	790451.42580787	656596.599670563	2487866.86548103
3-phenylpropionic acid	1072622.38942139	134195.117599289	119213.918821227	372702.944052034	639202.653321333	332974.394087775	157868.570704612	165377.240233103	1415758.29129568	56199.8526120196	290382.184455429	34753.6682245316	122732.440666119	81931.767005758	421227.716310522	131715.878226932	108419.534838895	161180.584114621	851713.076324255	196768.119143083	416303.422071373	300885.730629919	68020.6954869853	190710.070586109	215845.490585256	18057.0200042797	25113.2258806578	596504.671477931
3-(imidazol-5-yl)lactic acid	851081.514857237	835685.228057023	3792280.1643241	1841741.37667706	2471429.18595167	2028347.55080892	719184.584856052	1091290.93443101	3584348.92625987	4744423.82943634	666294.423437302	3822398.74040299	877579.674470034	791245.400531021	488204.841084741	2538230.72047993	2860499.70905284	1432053.70874957	786906.326154795	4692172.27985036	5673770.69688453	2925799.94832347	944576.457399759	3608317.30627674	3123967.69315865	867187.41916292	577618.26566215	2914295.55514291
indole-3-carboxylic acid	37807.4026824083	43624.6193423082	28130.9229911391	8197.63826026582	42144.5919736224	19728.3218609617	40291.7501497181	84593.8428945779	25278.7528777806	19776.4270120938	37013.2176065807	43153.1068347291	38529.9941512745	59378.2111630715	36463.2412860485	31228.3022720018	42798.9637626084	80307.1600206283	42936.0648220082	91097.5992140435	52251.5749615552	68076.552489895	15440.2704044053	73845.9168862946	41423.0272828436	32263.9614522629	55929.3949433336	38081.9893895671
keto-phenylpyruvic acid	7470.5370000002	16765.3399999999	16498.1899999995	15718.8999999999	8523.31600000005	18882.2900000004	25471.2600000005	9790.05100000003	9665.81499999997	48264.2100000002	25111.4800000007	52595.5299999995	32059.6899999996	46342.4999999993	21693.1900000005	13002.4400000004	46023.9999999987	27585.0400000005	19524.7499999994	38137.9900000005	44273.8799999995	12781.29	25739.6100000001	31878.9799999998	15299.4	1375.27400000002	19452.0499999997	12294.3799999996
7,9-dihydro-1H-purine-2,6,8(3H)-trione	2042333.99999999	1738764.00000005	665276.600000011	413346.400000001	689073.500000008	908179.700000028	865994.999999985	852940.499999975	785095.199999998	771248.299999977	999531.099999973	765122.199999984	765443.900000006	1241595.99999997	1140960.00000004	1526204.99999995	1383238.99999999	1207348	1219669.99999996	1084372.00000003	960079.899999969	732463.999999993	770799.500000008	1212641.99999999	719093.699999993	896662.499999998	1317359.00000001	751485.399999983
pyridoxine	121172.000000001	180389	160602.999999996	157488.600000001	103869.599999997	93490.4699999991	238085.100000008	148258.399999999	139210.099999999	133692.799999997	123290.200000002	187458.899999996	147749.899999996	168814.599999998	169945	185613.899999999	165609.600000003	178755.699999996	204574.399999998	145823.399999997	150591.1	169620.699999996	402222.599999986	240928.300000002	123550.699999997	77706.330000001	368063.399999994	124473.300000003
N(pros)-methyl-L-histidine	291323.299999997	350509.999999989	299906.8	304280.099999994	324630.899999997	282971.100000005	441979.299999999	406399.199999992	293340.799999999	312828.300000006	388125.700000012	279087.000000004	423914.599999989	434926.39999999	375018.49999999	513885.69999999	439235.399999992	504606.400000002	498563.699999991	420042.600000009	523897.399999986	153981.700000003	318303.799999998	262173.700000001	326034.599999992	314135.200000002	357295.799999991	349864.199999997
suberic acid	127081.400000002	93757.490000003	212254.800000006	254859.099999994	102313.800000002	181675.699999997	231191.499999997	87844.95	196599.699999998	128573.400000001	129973.900000002	107441.100000001	84120.6300000005	57263.9799999981	55148.5100000016	64603.9100000009	91876.0199999979	87270.7400000031	83291.7599999994	54740.9999999994	42948.3999999986	101543.299999998	182589.299999994	170891.800000005	60686.2200000019	50558.1400000013	52846.5000000014	117290.700000002
N-acetyl-L-aspartic acid	1230966.00000004	1412988.99999998	1096468.99999999	1201820.99999997	1501184.99999999	1135948.00000003	1351800.99999998	1645985.99999999	5982110.99999986	1774298.99999996	1393242.99999998	1999932.00000002	1075157.99999998	973811.500000019	1297825.00000001	1169795.99999997	852541.600000017	1104156.00000001	943180.300000018	1236987.00000002	918187.100000031	1024290.99999997	1390116.99999997	1090581.99999999	945733.199999971	1116236.00000001	1519093.00000004	820439.200000016
N-amidino-L-aspartic acid	287664.9	381687.200000004	105529.200000001	134811.000000004	280292.599999998	248556.800000004	135612.799999999	299080.300000002	324326.9	46398.5200000001	312842.99999999	63379.1200000017	173324.900000001	226261.100000006	219165.500000002	327195.1	93916.6200000017	289491.100000004	333705.699999999	55376.0499999994	138483.900000001	103734.399999998	99792.5899999993	170103.099999995	109805.600000002	272867.499999995	306182.700000009	181089.700000002
allantoic acid	218665.699999999	319033.400000006	469904.3	315790.100000006	301274.199999993	224429.999999999	267881.100000007	384612.800000002	268321.200000001	215769.399999996	306542.100000005	280242.199999997	267894.699999991	278687.400000006	150180.100000005	380813.999999988	189277.699999996	220016.300000007	219015.100000005	273956.599999992	277188.399999991	171396.799999997	258066.199999995	208045.000000004	171277.799999999	227940.400000001	252441.899999993	244147.699999997
D-glucono-1,5-lactone	99247.2200000017	128692	116569.199999998	1	179870.000000006	220294.500000004	84724.4799999994	78092.4200000012	423676.600000004	299221.800000003	341937.899999995	109233.800000002	85617.3600000018	90936.8000000015	92515.7399999978	97304.890000002	99555.6200000007	261460.699999991	300411.29999999	303959.100000001	524631.99999999	467289.000000007	152376.7	268114	103364.900000003	726248.499999996	485462.699999985	280170.000000009
4-oxo-4-(pyridin-3-yl)butanoic acid	1127359.99999998	4958446.9999999	3797755.00000005	1	1900769.99999999	691430.700000014	2615138.99999994	3521009.99999994	1141536	1302746.00000003	1424500.99999999	174900.599999999	3151547.99999993	2209829.99999996	839836.799999996	3756991.00000012	2756214.00000005	3388975.00000002	1484219.00000002	4633726.99999999	11682666.0000003	1721750	1	1316856.00000004	1473750.99999999	211871.400000006	107978.999999999	976221.100000014
N(6)-acetyl-L-lysine	153274.199999998	233723.400000008	175748.399999996	125742.599999996	161018.099999995	132720.400000001	246963.299999992	308797.399999994	165443.900000002	213378.400000007	276415.1	175363.599999999	247718.200000006	348956.600000008	293630.399999999	391047.199999989	229343.900000005	327176.999999991	264556.399999995	235475.6	335827.000000005	212711.099999994	178807.800000006	210200.600000001	181079.799999996	278802.300000004	301924.100000011	186381.199999995
(5-hydroxyindol-3-yl)acetic acid	13902.8100000002	34031.9599999991	33473.0099999991	5124.20400000004	13611.4299999998	13773.1700000004	41362.0799999988	29626.3100000004	16758.7499999997	36658.8800000005	22362.7799999999	46660.5400000011	37900.2399999994	26219.6299999994	18239.8300000005	22543.2700000007	26398.2500000004	20692.6600000006	28640.599999999	26932.1299999996	28678.0200000005	26519.8600000004	29295.2499999997	25236.1099999997	13505.9499999999	15772.15	30673.8099999995	19091.7900000005
ferulic acid	30417.9899999999	33428.0899999991	6669.85100000014	2468.57899999992	15695.4500000001	9820.00199999975	36804.2699999993	3490.19099999994	144657.499999998	9812.87700000027	22066.5500000005	4149.27800000009	6933.31599999976	14308.1499999996	37012.100000001	19980.8200000002	11214.4300000001	16221.8399999999	10340.8100000001	6989.55599999977	16625.61	10708.4000000003	19618.2000000001	12943.0599999997	4454.73800000007	42412.3299999994	7588.31699999976	27244.3899999994
sebacic acid	67846.399999998	61818.0299999979	97277.4699999982	108923.799999996	42671.5599999996	161124.000000004	35593.0000000003	33692.3999999998	106866.599999998	61825.4499999991	53290.9999999987	60437.5199999988	15893.0899999995	61330.550000002	38984.3799999991	76315.5000000007	69145.0299999998	90031.6400000022	99044.6400000031	34624.1600000001	8952.75400000027	121758.7	17927.4599999996	145683.399999998	37709.7000000011	1794.84399999998	16698.8300000003	61068.719999999
3-(indol-3-yl)lactic acid	187959.600000006	483461.400000015	620019.499999982	333661.500000008	428776.699999989	295363.399999991	236005.099999997	441036.699999993	473919.300000003	593329.400000011	497683	422384.200000003	197352.799999999	286359.199999994	292297.400000007	743105.500000014	225217.599999994	325587.099999991	206566.099999998	255988.9	529866.199999998	305244.900000009	200356.899999998	243832.000000008	317526.299999994	399198.099999991	172154.900000006	364317.799999998
12-hydroxylauric acid	105403.600000001	51812.6299999991	164906.699999997	84195.6699999984	56163.4400000001	49554.2100000009	50730.830000001	76495.6600000001	83219.2600000026	47058.5300000003	57898.1399999987	73192.550000001	59612.5799999986	94073.1600000026	25265.2399999997	31796.5100000007	118529.2	66422.1100000003	45480.1099999987	127109.800000003	150686.599999996	40459.1100000006	38358.1000000003	116205.999999999	37910.6200000012	41424.1900000012	27335.7000000001	30870.7499999993
pantothenic acid	7001768.00000019	12907687.9999997	12688047.9999996	14183318.0000004	14290490.0000004	13087996	13728633	17430806.0000005	12875085.9999999	21672856.9999996	25178374.0000008	21141926.9999997	16551633.0000002	40646030.0000007	31627364.9999999	24602144.0000004	24700382.0000002	31268313.9999999	24202642.9999996	34779837.999999	53556555.9999991	37527285.0000001	23661783	31115771.9999991	28439179.0000003	19118228.9999998	20905462.9999999	18894495.0000004
L-cystine	122483.900000003	98540.2400000004	37844.3200000003	170154.899999998	29197.0100000009	30430.2799999997	85039.5400000024	136271.200000002	105770	109402.9	141869.399999998	46414.5200000012	67579.8899999996	100055.300000003	161776.399999998	212963.399999999	1561.367	122050.800000004	193566.999999995	149721.999999999	238929.500000005	125904.400000001	191288.800000006	103274.999999997	154801.200000003	194053.299999999	340667.700000009	160070.700000002
uridine	30933516.9999999	44845557.0000007	27961230.0000002	47969999.9999987	47542227.0000015	48317293.9999998	45264293.9999991	36337642.9999996	42723424.0000006	44102061.9999999	48504059.0000014	52924376.9999998	50921769.0000008	50094999.9999991	51993246.0000012	35388123.9999998	47977680.0000006	60438343.9999983	58154608.9999983	51463040.9999993	43552841.0000014	51569613.0000015	59345749.0000005	46906588.0000008	58786011.0000004	41489170.0000007	4118097.99999987	55236867.0000005
pyridoxamine 5'-phosphate	186483.999999998	204977.200000005	157770.500000005	176988.999999998	184268.399999996	162871.999999997	161414.3	218850.400000004	185984.499999995	187210.099999997	171609.499999998	190064.800000005	203133.200000004	134862.499999998	158784.500000001	205516.600000002	136278.000000002	132717.999999998	112957.899999998	154184.999999998	116619.600000001	80807.4300000005	66869.1000000004	95652.5300000016	104650.6	173647.400000002	160663.499999999	156106.299999999
2,3-bisphospho-D-glyceric acid	152791.200000003	154211.899999995	411123.299999988	284235.600000008	241590.500000003	183563.400000005	152918.499999999	79526.7899999992	275125.399999996	123246.600000004	267733.700000008	132130.600000005	92146.0699999975	3948.80200000012	62854.1900000009	107494.799999999	31274.6999999996	19019.3500000005	75875.0400000013	158367.100000003	10678.2200000002	67403.7699999996	99513.0999999973	57662.0599999999	58275.0899999992	103619.900000002	140808.699999996	150582.900000005
(S)-naringenin	74715.7500000021	6170.33299999984	2568.46400000003	1	4395.99200000012	16756.8500000004	5649.16100000006	33682.3299999995	207906.199999999	3128.08699999996	7875.20600000008	1058.00299999998	692.216899999998	3787.8739999999	1034.81800000002	9167.71599999985	1	1	25518.4199999999	41256.4699999992	22855.5700000001	19789.2700000004	11554.7200000002	40309.1899999989	42979.6299999989	14779.1599999999	12159.3200000002	28397.4300000005
2-hydroxyhexadecanoic acid	649587.399999989	977133.700000005	1438632.00000003	905118.299999998	794176.499999997	851154.199999992	1198295.00000003	889584.999999973	1038278.00000003	954300.200000018	1085371.00000002	898850.700000008	922523.999999979	1100799.99999998	809046.299999991	1127153.99999997	1143883.99999998	941468.100000014	878324.700000023	1373528.00000004	1357956.99999998	1134664.00000003	1151126.99999998	915684.500000007	768840.699999981	999089.199999994	1023255.00000001	1123482
guanosine	944549.49999999	1173958.00000002	1757319.00000006	1388829.99999999	1965736.00000005	2083713.99999999	1007747.99999997	774325.199999992	1699320	2092908.00000002	1380212.00000002	1679597.00000005	992706.40000002	497631.099999987	450132.100000004	368746.999999996	683543.70000002	653860.499999979	429491.999999998	946099.299999967	612950.4	954123.199999994	559719.200000003	850224.600000013	897018.600000027	610530.29999999	448236.900000015	1284127.99999996
(N(omega)-L-arginino)succinic acid	40085.3400000004	48282.4399999999	23572.0200000001	28980.1799999995	56481.6300000009	54477.2199999999	33136.6600000007	64114.9500000003	44169.8800000001	47343.7799999998	112057.799999998	48364.8400000014	40272.5700000012	38913.9799999988	59048.4699999986	66525.4899999983	9956.92300000013	29514.6500000008	28033.6400000001	41974.6800000005	28685.2300000005	16862.1499999998	2895.28900000008	5689.482	15124.8999999996	56848.2599999981	30178.3199999992	19494.2199999998
5'-S-methyl-5'-thioadenosine	113996.599999997	103240.9	94742.979999997	177550.000000001	103232.099999998	161191	20536.9699999996	106038.599999998	122516.899999997	24076.0600000005	242508.900000002	30073.8699999994	44051.3399999992	33047.2199999992	82091.3299999992	50022.2699999985	33958.560000001	8051.41200000002	21873.3099999994	14593.6399999999	19766.1900000002	49403.5699999995	89078.5900000004	39307.4400000009	45099.5700000001	1	49783.009999999	50074.8099999987
prostaglandin B2	111123.299999998	122956.900000003	122573.8	72410.1500000018	39960.6399999992	47864.4000000009	27035.3199999995	110275.799999997	89716.7799999985	48085.0099999995	36061.3299999993	89644.7299999993	86149.9399999988	173865.900000005	56851.7399999996	114257.699999996	163110.099999996	138420.3	69555.3900000023	76408.0899999998	201823.399999993	8885.99599999984	63166.2799999992	42218.2100000001	4099.47700000011	1	39927.3800000013	34618.4199999998
prostaglandin A1	61958.8499999998	215961.599999995	139032.399999996	1	114735.799999999	38460.7000000007	13132.9199999996	197297.200000006	50143.2000000002	162356.800000002	160884.900000005	187850.999999995	148789.100000001	189386.799999996	151331.699999995	155372.499999997	1	166073.6	104904.800000001	227477.199999997	243369.499999997	40910.6499999991	198410.900000004	189191.700000005	73188.0299999986	87976.1600000008	209027.599999994	65284.9600000007
alpha,alpha-trehalose	36294512.0000002	45132854.0000002	48734440.0000012	44613937.999999	41018840.0000013	40287807.9999988	107227709	34597752.0000011	72564405.9999977	44947740.9999988	49742353.0000008	54578108.0000011	45558816.0000006	60891717.000002	61943812.9999986	58406575.0000012	57662683.0000009	54051478.9999996	60159288.9999996	61004476.999998	63798107.0000014	92208944.0000027	90493068.0000024	71862772.0000003	85216534.9999976	57530132.9999983	61157115.0000012	72054615.9999983
medroxyprogesterone	236066.199999999	355352.400000004	444221.200000013	127606.900000002	36365.9199999994	70790.929999999	506614.600000017	316981.49999999	103278.200000003	248054.300000004	224764.600000005	316641.099999998	326298.000000007	326940.2	251475.200000007	183707.200000001	312439.400000011	314385.9	237237.500000008	264861.000000003	265180.900000004	532755.200000017	464220.50000001	358642.299999989	90437.3199999986	130929.900000002	337563.299999991	86085.1999999987
prostaglandin F1alpha	402823.999999997	380518.599999995	318412.500000001	254617.6	303931.500000008	195465.300000005	152052.399999997	416559.799999999	377449.600000008	137643.5	334903.49999999	121059.299999998	205150.499999994	296056.200000002	308242.90000001	402927.900000011	267929.500000007	475750.399999985	338021.200000005	322861.999999989	473450.400000013	245278.199999997	238406.500000003	305242.599999996	273595.699999995	261984.899999999	180075.999999997	260172.299999999
ADP	758210.600000018	633657.999999992	795497.000000013	1019187	437744.099999995	610653.50000002	348357.40000001	340912.899999993	976655.700000006	322103.900000008	749452.099999976	508532.199999988	340343.400000005	22699.4	180020.899999994	183998.600000006	12577.7599999998	15195.4000000003	16220.8999999994	22569.2600000001	12792.1800000001	131176.099999997	261093.900000006	48783.3299999998	60999.8500000019	290749.599999995	279337.700000004	410065.09999999
GDP	50451.4599999989	46733.6200000012	85375.8700000021	99674.7600000026	62540.4399999984	37412.1899999993	50027.7699999995	37443.0899999987	74573.2399999988	25129.7199999998	27822.1699999999	42006.4499999995	21322.7000000003	20255.1700000007	22858.2499999996	19918.1100000004	14388.6900000001	3526.62200000006	23920.1899999993	26559.9799999995	39841.0800000007	6160.89699999984	16241.9700000002	18992.4900000005	5073.01400000012	16888.9099999996	35047.3399999995	23936.2400000007
glycocholate	42576.0900000003	96026.0399999994	40925.2000000008	4348.84100000001	211905.500000007	22129.6699999998	255842.799999992	57769.7999999993	84549.2999999999	62942.7900000019	66210.4400000019	74224.4600000015	25639.1299999995	74839.6099999983	180343.400000006	83357.6800000024	40386.0600000007	92998.4900000002	39883.630000001	6864.9900000002	17112.5900000002	2602.59799999993	13101.9499999997	4431.62700000014	23590.9999999997	91415.2999999993	10647.6899999997	3986.27799999997
ADP-D-ribose	24458.9400000003	25440.7000000001	36959.0200000009	402814.000000003	330884.000000012	63035.0600000018	29125.4999999997	7276.90600000022	60712.8000000002	12492.6999999999	44948.6400000014	33948.8800000005	17600.2099999994	4046.15700000013	21010.7700000002	15305.7800000001	13999.3499999996	5465.32899999983	19848.7800000002	14871.0400000005	8580.17099999976	14581.9500000004	39383.2400000005	29297.8199999995	11323.24	32604.4699999993	43850.2999999994	41158.3000000001
UDP-alpha-D-galactose	31587.9600000001	44549.9999999986	21214.6399999999	609285.399999993	211696.099999993	62574.07	161455.099999995	36824.44	228421.500000003	209096.100000003	40067.9099999991	157277.199999998	88161.7599999986	11318.3600000003	14085.2100000004	6768.24699999978	31953.9	49261.0799999989	13453.2699999998	20574.8799999993	5463.93099999982	28753.5700000007	72856.6100000021	30894.53	39224.9900000002	166434.099999997	43674.6900000012	77448.73
GDP-L-fucose	106745.3	132151.999999996	119799.999999999	140940.600000002	109421.799999997	121971.400000001	55824.06	120562.099999999	134518.199999997	92175.2499999979	107958.300000003	81741.9300000025	50281.1700000011	22391.2700000003	48655.7300000012	60920.9599999984	19523.1400000005	21541.7699999994	23509.7300000007	47399.8699999998	32173.949999999	31427.3000000007	41629.4799999996	17578.4799999996	22557.6200000003	66420.1299999982	67225.6500000017	46468.6400000008
